index,model_name,question,reference_answer,model_answer,error
0,meta-llama/Llama-3.2-3B-Instruct,Anayasanın 90. Maddesi Nasıl Uygulanır?,Milletlerarası antlaşmaların TBMM tarafından onaylanmasıyla uygulanır.,"Anayasanın 90. maddesine göre, yargıçların ve yargıç adaylarının görevden alınıp atılması, yargıçların ve yargıç adaylarının görevden alınmasına ilişkin yasa ve yönetmeliklerin değiştirilmesi, yargıçların ve yargıç adaylarının görevden alınmasına ilişkin yasa ve yönetmeliklerin değiştirilmesi, yargıçların ve y",
1,meta-llama/Llama-3.2-3B-Instruct,Hukukta 'legitimate expectation' nedir?,"Legitimate expectation, bir kişinin belirli bir eylem veya karar beklentisinin hukuken korunabilir olduğuna dair bir ilkeyi ifade eder. bu beklenti genellikle devlet veya kamu organlarının tutarlı davranışlarına dayanır.","Hukukta 'legitimate expectation' (hukuki beklenen) bir kavramdır. Hukuki beklenen, bir bireyin bir hukuki statüde being bulunduğunda, o statüye bağlı olan hak ve yükümlülüklerini kullanma hakkını ifade eder. Hukuki beklenen, bir bireyin bir hukuki statüde being bulunduğunda, o statüye bağlı olan hak ve yükümlülük",
2,meta-llama/Llama-3.2-3B-Instruct,"Anayasa madde 172'ye göre, devletin sanayi ve ticareti destekleme konusundaki görevleri nelerdir?","Anayasa madde 172'ye göre, devlet, sanayi ve ticaretin geliştirilmesi ve rekabet gücünün artırılması için gerekli tedbirleri alır. i̇şletmelerin verimliliğini ve yenilikçiliğini artırmak için teşvik ve destekler sağlanır.","Anayasa madde 172'ye göre, devletin sanayi ve ticareti destekleme konusundaki görevleri; sanayi ve ticareti geliştirmek, sanayi ve ticareti geliştirmek, sanayi ve ticareti geliştirmek, sanayi ve ticareti geliştirmek, sanayi ve ticareti geliştirmek, sanayi ve ticareti geliştirmek, sanayi ve tic",
3,meta-llama/Llama-3.2-3B-Instruct,"Anayasa madde 158, uyuşmazlık mahkemesi'nin kuruluşu ve görevlerine müdahale hangi durumlarda yasaktır","Anayasa madde 158'e göre, uyuşmazlık mahkemesi'nin kuruluşu ve görevlerine müdahale, uyuşmazlık mahkemesi'nin adli, idari ve askeri yargı mercileri arasındaki görev ve hüküm uyuşmazlıklarını kesin olarak çözmemesi veya anayasa mahkemesi başkanı'nın başkanlığında çalışmaması durumunda yasaktır. devlet, bu tür müdahaleleri önlemek ve uyuşmazlık mahkemesi'nin kuruluşu ve görevlerini korumakla yükümlüdür.","Anayasa madde 158, uyuşmazlık mahkemesi'nin kuruluşu ve görevlerine müdahale hangi durumlarda yasaktır. Anayasa 158. maddesi, uyuşmazlık mahkemesinin kuruluşu, görevleri ve yetkileri ile ilgili olarak, uyuşmazlık mahkemesinin kurulması, görevleri ve yetkileri ile ilgili olarak, uyuşmazlık mahkemesinin kurulması",
4,meta-llama/Llama-3.2-3B-Instruct,"Bir grup avukat, Türkiye Büyük Millet Meclisi Başkanı'nın Cumhurbaşkanlığı seçimlerine katılamayacağını belirten Anayasa maddesinin iptali için başvuruda bulunmuştur. Bu başvuru Anayasanın 94. Maddesi ile nasıl çelişir?","Anayasanın 94. Maddesi, Türkiye Büyük Millet Meclisi Başkanı'nın Cumhurbaşkanlığı seçimlerine katılamayacağını belirtir. Bu maddeye aykırı bir başvuru Anayasa'ya aykırıdır.","Anayasanın 94. Maddesi, cumhurbaşkanı için seçimlere katılamama koşulu olarak, cumhurbaşkanı için seçimlere katılamayacağını belirten bir madde değildir. Bu nedenle, bu başvuru Anayasanın 94. Maddesi ile çelişir.",
5,meta-llama/Llama-3.2-3B-Instruct,Grev ve lokavt hakkının önemi nedir,"Grev ve lokavt hakkı, çalışanların ve işverenlerin toplu iş uyuşmazlıklarında haklarını savunmalarını ve taleplerini dile getirmelerini sağlar. bu haklar, işçi-işveren ilişkilerinin dengeli ve adil bir şekilde yürütülmesini destekler.","Grev ve lokavt hakkının önemi, işçi ve işverenlerin hak ve özgürlüklerini koruması ve işçi ve işverenlerin hak ve özgürlüklerini korumasıdır. Grev ve lokavt, işçi ve işverenlerin hak ve özgürlüklerini koruması ve işçi ve işverenlerin hak ve özgürlüklerini korumasıdır. Grev ve lokavt, iş",
6,meta-llama/Llama-3.2-3B-Instruct,"Cumhurbaşkanlığı seçimleri, Cumhurbaşkanının görev süresi dolmasına yetmiş gün kala tamamlanmıştır. Bu durum Anayasanın 102. Maddesi ile nasıl çelişir?","Anayasanın 102. Maddesi, seçimlerin görev süresinin dolmasından önceki altmış gün içinde tamamlanmasını öngörür. Yetmiş gün kala tamamlanması bu maddeye aykırıdır.","Cumhurbaşkanlığı seçimleri, Cumhurbaşkanının görev süresi dolmasına yetmiş gün kala tamamlanmıştır. Bu durum Anayasanın 102. Maddesi ile çelişir. Anayasanın 102. Maddesi, cumhurbaşkanlığı seçimleri için 100 gün süreyle tamamlanması gerektiği belirtir. Bu nedenle cumhurbaşkanlığı seçimleri, cumhurbaşkanının görev süresi dolmasına yetmiş gün k",
7,meta-llama/Llama-3.2-3B-Instruct,Türk ceza kanunu'na göre kasten öldürme suçu nedir?,Bir kişiyi öldürme kastıyla işlenen suçtur.,"Türk ceza kanunu'na göre kasten öldürme suçu, bir kişiye karşı bir başka kişi tarafından intikam olarak yapılan intihara verilen addır. Bu suçu işleyen kişi, intikam amacını gerçekleştirmek için intikam cezası olarak ceza yaptırılır.",
8,meta-llama/Llama-3.2-3B-Instruct,"Bir milletvekili, bir kamu idaresinin faaliyetlerini denetlemek için verdiği soru önergesine cevap alamamıştır. Bu durum Anayasanın 98. Maddesi'ne aykırı mıdır?","Evet, Anayasanın 98. Maddesi, verilen soru önergelerinin cevaplandırılmasını öngörür. Cevap alınamaması bu maddeye aykırıdır.","Hayır, bu durum Anayasanın 98. Maddesi'ne aykırı değildir. Anayasanın 98. Maddesi, milletvekillerinin kamu idareleri ile ilgili sorular sorma yetkisini tanır. Bu yetki, kamu idarelerinin faaliyetlerini denetlemek için verilir. Bu nedenle, milletvekili, kamu idaresinin faaliyetlerini denetlemek için verdiği soru önergesine cevap alamamış olmasının Anayasanın",
9,meta-llama/Llama-3.2-3B-Instruct,"Sanık, bir finans kurumunda yatırım tavsiyeleri vererek müşterileri yanıltıp zarar uğratırsa, hangi suçlamalar gündeme gelir?","Sanık, finans kurumunda yatırım tavsiyeleri vererek müşterileri yanıltıp zarar uğratırsa, 'mali dolandırıcılık', 'yanıltıcı tavsiyelerde bulunma' ve 'ticari etik kurallarının ihlali' suçlarıyla karşılaşabilir. Bu suçlar, hapis cezası ve/veya para cezası ile sonuçlanabilir ve mağdurların zararının tazmini gerekebilir.","Sanık, bir finans kurumunda yatırım tavsiyeleri vererek müşterileri yanıltıp zarar uğratırsa, haksız kazanç elde etme, hile ve haksız kazanç elde etme suçlamaları gündeme gelir.",
10,meta-llama/Llama-3.2-3B-Instruct,"Anayasa madde 129'a göre, devlet memurları ve diğer kamu görevlilerinin görev ve sorumluluklarının korunması için hangi şartlar sağlanmalıdır?","Anayasa madde 129, devlet memurları ve diğer kamu görevlilerinin görev ve sorumluluklarının korunması için, kamu görevlilerinin anayasaya ve kanunlara sadakatle bağlı kalmaları, halkın hizmetinde dürüstlükle çalışmaları, tarafsız davranmaları ve amirlerine itaat etmeleri şartını anayasal güvence altına alarak güvenceler sağlar.","Anayasa madde 129'a göre, devlet memurları ve diğer kamu görevlilerinin görev ve sorumluluklarının korunması için, görevde bulunmaları için yetki ve yetenekleri olması, görevde bulunmaları için uygun being, görevde bulunmaları için uygun being, görevde bulunmaları için uygun being, görevde bulunmaları için uygun being, görevde bulunmaları için uygun being, görevde bulunmaları için uygun being, görevde bulunmaları için uygun being, görevde bulun",
11,meta-llama/Llama-3.2-3B-Instruct,Milletvekilliğinin düşmesi kararına itiraz nasıl yapılır,"Milletvekilliğinin düşmesi kararına, anayasa mahkemesi'ne bireysel başvuru yapılarak itiraz edilebilir. anayasa mahkemesi, kararın anayasal ve yasal esaslara uygunluğunu denetler.","Milletvekilliğinin düşmesi kararına itiraz, milletvekilliği kurulu tarafından toplanan ve majority oyu ile kabul edilen bir kararnameye imza atarak veya milletvekilliği kurulu'na yazılı olarak itiraz edilebilir.",
12,meta-llama/Llama-3.2-3B-Instruct,"Anayasa madde 151, anayasa mahkemesi'ne bireysel başvuru yapma yetkisinin sınırlandırılmasını nasıl düzenler","Anayasa madde 151, anayasa mahkemesi'ne bireysel başvuru yapma yetkisinin sınırlandırılmasını, anayasa'da güvence altına alınmış temel hak ve özgürlüklerin, avrupa i̇nsan hakları sözleşmesi kapsamındaki hakların kamu gücü tarafından ihlal edildiği iddiasıyla ve olağan kanun yollarının tüketilmesinden sonra bireysel başvuru yapılma şartı ile düzenler. bu sınırlamalar, bireysel başvuru yapma yetkisini ihlal etmemeli ve ölçülülük ilkesine uygun olmalıdır. bu hüküm, bireysel başvuru yapma yetkisinin korunmasını ve sınırlamaların keyfi olmamasını sağlar.","Anayasa madde 151, anayasa mahkemesi'ne bireysel başvuru yapma yetkisinin sınırlandırılmasını düzenler. Bu madde, bireysel başvuru yapma yetkisinin sınırlarını belirler ve bu yetkiyi sınırlayan kuralları düzenler. Bu madde, anayasa mahkemesi'ne bireysel başvuru yapma yetkisinin sınırlarını belirler ve bu",
13,meta-llama/Llama-3.2-3B-Instruct,Beyanname nedir?,"Katma değer vergisi, mal ve hizmet teslimlerinde alınan, nihai tüketicinin ödediği dolaylı bir vergidir.","Beyanname, bir kişi veya kuruluşun varlığını, faaliyetlerini ve malvarlığını, bir dizi bilgilere dayanan bir belgedir. Bu bilgilere, malvarlığı, faaliyetler, varlık, işyeri, bankalar, mal varlığı, mal varlığı ve diğer ilgili bilgilere dayanan bir belgedir.",
14,meta-llama/Llama-3.2-3B-Instruct,İşsizlik maaşı nasıl hesaplanır?,"İşsizlik maaşı, son 4 aylık brüt kazançların ortalaması alınarak hesaplanır. brüt kazancın %40'ı oranında maaş ödenir.","İşsizlik maaşı, işsiz kalma süresi, işsizlik maaşı alabilen kişiye ait aylık geliri, emekli maaşı, social security primi ve diğer gelirleri ile işsizlik maaşı alamayan kişiye ait aylık geliri, emekli maaşı, social security primi ve diğer gelirleri hesaplanarak hesaplanır.",
15,meta-llama/Llama-3.2-3B-Instruct,"Anayasa madde 9'a göre, yargı yetkisinin tarafsız ve bağımsız bir şekilde kullanılması nasıl sağlanır","Anayasa madde 9'a göre, yargı yetkisinin tarafsız ve bağımsız bir şekilde kullanılması, yargı organlarının karar verirken hiçbir baskı, etki veya müdahale altında kalmadan hareket etmeleri ile sağlanır. yargı organları, yargı yetkisini millet adına kullanarak adaletin tarafsız ve objektif bir şekilde sağlanmasını temin eder. bu hüküm, yargı organlarının bağımsızlığını ve tarafsızlığını güvence altına alır.","Anayasa madde 9'a göre, yargı yetkisinin tarafsız ve bağımsız bir şekilde kullanılması, yargı organlarının bağımsızlığını, bağımsızlığını ve tarafsızlığını sağlamak için yargı organlarının kuruluşu, görev ve yetkileri ile yargı organlarının işleyişine ilişkin usul ve esaslar ile yargı organlarının disiplinini ve disiplin kurallarını düzenleyen yasalar ile sağ",
16,meta-llama/Llama-3.2-3B-Instruct,Kira tespit davası nedir?,"Kira tespit davası, kira bedelinin taraflar arasında anlaşmazlık konusu olması durumunda, kira bedelinin mahkeme tarafından belirlenmesi için açılan davadır.","Kira tespit davası, kira bedelinin belirlenmesi ve kira bedelinin ödenmesi için yapılan dava türüdür.",
17,meta-llama/Llama-3.2-3B-Instruct,Şiddet mağdurları için hangi tedbirler alınabilir?,"Aile mahkemesi, şiddete yönelik söz ve davranışlarda bulunulmaması, müşterek evden uzaklaştırma gibi tedbirler alabilir.","Şiddet mağdurlarına, şiddete karşı yaptırımlar, social service ve psikolojik destek gibi tedbirler alınabilir.",
18,meta-llama/Llama-3.2-3B-Instruct,"Devlet, yabancı ülkelerde çalışan türk vatandaşlarının aile birliğini nasıl korur?","Devlet, yabancı ülkelerde çalışan türk vatandaşlarının aile birliğinin, çocuklarının eğitiminin, kültürel ihtiyaçlarının ve sosyal güvenliklerinin sağlanması, anavatanla bağlarının korunması ve yurda dönüşlerinde yardımcı olunması için gereken tedbirleri alır. (madde 62)","Devlet, yabancı ülkelerde çalışan Türk vatandaşlarının aile birliğini korumak için, bu vatandaşların evlatlık olarak alınıp getirdiği çocukları, Türkiye'de doğum yapmalarını ve bu çocukların Türk vatandaşı olmasını sağlar. Bu çocuklar, Türk vatandaşı olarak doğduktan sonra, Türkiye'de doğum yapmaları halinde, Türk vatandaşı olarak kabul edilirler. Bu şekilde, aile birliğini korur ve bu çocuklar",
19,meta-llama/Llama-3.2-3B-Instruct,Yerleşme hürriyetinin korunmasında devletin rolü nedir,"Devlet, yerleşme hürriyetini korumakla yükümlüdür. bu, yasal düzenlemeler yaparak, denetim mekanizmaları kurarak ve ihlalleri önleyerek gerçekleştirilir.","Yerleşme hürriyetinin korunması için devlet, yerleşme alanlarının sınırlarını belirler, yerleşme alanlarının korunmasını sağlar ve yerleşme alanlarında yaşayanların hak ve özgürlüklerini korur.",
20,meta-llama/Llama-3.2-3B-Instruct,Özel sektörde mobbinge maruz kaldım ne yapmalıyım,Anayasa'nın 49. maddesi çalışma hakkını güvence altına alır. özel sektörde mobbinge maruz kaldıysanız işvereninize durumu bildirerek çözüm talep etmeli ve gerekirse i̇ş mahkemesi'ne başvurarak tazminat talep edebilirsiniz.,"Mobbingi işvereninizle bildirdiğiniz takdirde, işvereniniz bu behaviorı durdurmak için gerekli önlemleri almalıdır. Bu önlemlerden sonra, mobbingi devam ettirdiği tespit edilen işveren, işverenle iş sözleşmesi arasında bir anlaşma yapabilir ya da işveren, işverenle iş sözleşmesi arasında bir anlaşma yapamıyorsa, işveren, işverene mob",
21,meta-llama/Llama-3.2-3B-Instruct,"Kamu iktisadi teşebbüslerinin asli ve sürekli görevleri, memurlar ve diğer kamu görevlileri eliyle yürütülmemektedir. Bu durum Anayasanın 128. Maddesi'ne uygun mudur?","Hayır, Anayasanın 128. Maddesi, kamu iktisadi teşebbüslerinin asli ve sürekli görevlerinin memurlar ve diğer kamu görevlileri eliyle yürütülmesini öngörür. Bu durum maddeye aykırıdır.","Hayır, bu durum Anayasanın 128. Maddesi'ne uygun değildir. Anayasanın 128. Maddesi'ne göre kamu iktisadi teşebbüslerinin asli ve sürekli görevleri, memurlar ve diğer kamu görevlileri eliyle yürütülmemektedir. Bu durum Anayasanın 128. Maddesi'ne aykırıdır.",
22,meta-llama/Llama-3.2-3B-Instruct,"Bir televizyon dizisinde, vergi yükümlülüğünün keyfi olarak belirlenebileceği savunulmuştur. Bu durum Anayasanın 73. Maddesi ile nasıl çelişir?","Anayasanın 73. Maddesi, herkesin kamu giderlerini karşılamak üzere mali gücüne göre vergi ödemekle yükümlü olduğunu belirtir. Bu tür bir savunma bu maddeye aykırıdır.","Anayasanın 73. Maddesi, vergi yükümlülüğünün keyfi olarak belirlenmesine karşı protection sağlar. Bu maddedeki protection, vergi yükümlülüğünün belirlenmesine ilişkin her türlü yaptırımları, yaptırımları, yaptırımları, yaptırımları, yaptırımları, yaptırımları, yaptırımları, yaptırımları, yaptırımları",
23,meta-llama/Llama-3.2-3B-Instruct,"Bir öğrenci, okulda tarih, kültür ve tabiat varlıklarının korunma hakkının herhangi bir yasal dayanak olmadan kısıtlanması gerektiğini savunmaktadır. Bu durum Anayasanın 63. Maddesi ile nasıl çelişir?","Anayasanın 63. Maddesi, devletin tarih, kültür ve tabiat varlıklarını koruma yükümlülüğüne sahip olduğunu belirtir. Bu tür bir savunma Anayasa'ya aykırıdır.","Anayasanın 63. Maddesi, kamuoyu huzursuzluğunu ve protesto hareketlerini bastırma gibi yollarla kamuoyu huzursuzluğunu bastırma gibi yollarla kamuoyu huzursuzluğunu bastırma gibi yollarla kamuoyu huzursuzluğunu bastırma gibi yollarla kamuoyu huzursuzluğunu bastırma gibi yollarla kamuoyu huzursuzluğunu bast",
24,meta-llama/Llama-3.2-3B-Instruct,Akıl hastalığı sebebiyle boşanma nasıl açılır?,"Akıl hastalığı sebebiyle boşanma davası, eşlerden birinin akıl hastalığı olması durumunda açılır.",Boşanma davası açmak için davanın açılma esnasında dava tutanının akli durumunu ispat etmek gerekir. Bu durumun ispatı için dava tutanının rönesans testi ile rönesans testi ile rönesans testi ile rönesans testi ile rönesans testi ile rönesans testi ile rönesans testi ile rönesans testi ile,
25,meta-llama/Llama-3.2-3B-Instruct,Kooperatiften Çıkma ve Ödemeleri Geri Alma Süreci Nasıl İşler?,"Her Ortağın Kooperatiften Çıkma Hakkı Vardır. Çıkış, Ancak Bir Hesap Senesi Sonu İçin ve En Az 6 Ay Önceden Haber Verilerek Yapılır. Haklı ve Önemli Sebeplerin Varlığı Halinde Kooperatiften Çıkabilir ve Ödediklerinizi İsteyebilirsiniz.","Kooperatiften çıkma ve ödemeleri geri alma işlemleri, kooperatif kurulu tarafından belirlenen usul ve esaslar çerçevesinde yapılır. Kooperatifin kurulu toplantısında, memberlerin çıkma ve ödemenin geri alma talepleri görüşülür. Kooperatifin kurulu, memberin çıkma ve ödemenin geri alma taleplerini kabul veya reddi ile belirlenir. Kooperatif",
26,meta-llama/Llama-3.2-3B-Instruct,Kamu kurumu niteliğindeki meslek kuruluşlarının eğitim faaliyetleri nelerdir,"Kamu kurumu niteliğindeki meslek kuruluşları, meslek mensuplarına yönelik seminerler, kurslar, sertifika programları ve eğitim faaliyetleri düzenler. bu faaliyetler, mesleki bilgi ve becerilerin artırılmasını hedefler.","Kamu kurumu niteliğindeki meslek kuruluşlarının eğitim faaliyetleri; eğitim programları, konferanslar, workshoplar, seminerler, kurslar ve diğer eğitim faaliyetleri ile sınırlı değildir. Ayrıca, kamu kurumu niteliğindeki meslek kuruluşları, eğitim ve training programları sunmak için de özel eğitim kurumları kurabilir.",
27,meta-llama/Llama-3.2-3B-Instruct,İşkence yasağı nedir?,"İnsan hakları, insanın sırf insan olduğu için sahip olduğu temel hak ve özgürlüklerdir.","İşkence yasağı, bir bireyin fiziksel, zihinsel veya manevi olarak zarar görmesini engellemek için yaptırımların ve cezaların işkenceye dönüştürülmesini önleyen bir yasa ve politikadır. İşkence yasağı, bireylerin hak ve özgürlüklerini koruma amacını taşır.",
28,meta-llama/Llama-3.2-3B-Instruct,Hüküm nedir?,"İdari yargı, idarenin işlemlerine karşı açılan davaların görüldüğü yargı koludur.","Yargıçın, yargılamayı tamamladıktan sonra, yargılamayı durdurmak, yargılamayı yenilemek, yargılamayı yenilemek, yargılamayı yenilemek, yargılamayı yenilemek, yargılamayı yenilemek, yargılamayı yenilemek, yargılamayı yenilemek, yargılamayı yenilemek, y",
29,meta-llama/Llama-3.2-3B-Instruct,Bilgi edinme ve kamu denetçisine başvurma hakkı hangi durumları kapsar?,"Herkes, bilgi edinme ve kamu denetçisine başvurma hakkına sahiptir. (madde 74)","Bilgi edinme ve kamu denetçisine başvurma hakkı, kamuoyu ve kamuoyu ile kamuoyu arasında bir fark yoktur. Kamuoyu ile kamuoyu arasında bir fark yoktur. Kamuoyu ile kamuoyu arasında bir fark yoktur. Bilgi edinme ve kamu denetçisine başvurma hakkı, kamuoyu ile kamuoyu arasında bir fark yoktur. Kamuoyu ile kamuoyu arasında bir fark yoktur. Kamuoyu ile",
30,meta-llama/Llama-3.2-3B-Instruct,"Sanık, bir spor organizasyonunda kurallara aykırı olarak doping yapıp diğer sporculara haksız avantaj sağlarsa, hangi suçlamalar gündeme gelir?","Sanık, spor organizasyonunda kurallara aykırı olarak doping yapıp diğer sporculara haksız avantaj sağlarsa, 'doping kural ihlali', 'spor etik kurallarını ihlal' ve 'haksız rekabet' suçlarıyla karşılaşabilir. Bu suçlar, disiplin cezaları ve/veya adli cezalarla sonuçlanabilir ve mağdurların zararının tazmini gerekebilir.","Doping suçu, haksız advantage suçu ve sportsmanlık kurallarına aykırı davranış suçu.",
31,meta-llama/Llama-3.2-3B-Instruct,Evlatlık ile biyolojik çocuklar arasındaki miras hakkı farkları nelerdir?,"Evlatlık, biyolojik çocuklar gibi mirasçıdır ve aynı haklara sahiptir. ancak evlatlığın biyolojik ailesi ile olan mirasçılık ilişkisi kesilir.","Evlatlık ve biyolojik çocuklar arasındaki miras hakkı farkları, mirasçıların mirasın payını belirleyen temel faktörler arasında yer alır. Birinci olarak, mirasçıların mirasın payını belirleyen temel faktörler arasında evlatlık ve biyolojik çocuklar arasındaki fark yer alır. Evlatlık mirasçıları, biyolojik çocuklara göre daha az miras hakları sahiptir. Bu, mirasçıların miras",
32,meta-llama/Llama-3.2-3B-Instruct,"Bir milletvekili, parlamentoda dernek kurma hakkının herhangi bir yasal dayanak olmadan kısıtlanabileceğini savunmaktadır. Bu durum Anayasanın 32. Maddesi ile nasıl çelişir?","Anayasanın 32. Maddesi, herkesin önceden izin almaksızın dernek kurma hakkına sahip olduğunu belirtir. Bu tür bir savunma bu maddeye aykırıdır.","Anayasanın 32. Maddesi, dernek kurma hakkını sınırlamaktan öte, dernek kurma hakkının herhangi bir yasal dayanak olmadan kısıtlanmasını de yasaklamaktadır. Bu nedenle milletvekili, parlamentoda dernek kurma hakkının herhangi bir yasal dayanak olmadan kısıtlanabileceğini savunması Anayasanın 32. Maddesi ile çelişir.",
33,meta-llama/Llama-3.2-3B-Instruct,"Anayasa madde 136'ya göre, diyanet i̇şleri başkanlığı'nın kuruluşu ve görevlerinin sınırlandırılması hangi koşullarda yapılabilir","Anayasa madde 136'ya göre, diyanet i̇şleri başkanlığı'nın kuruluşu ve görevlerinin sınırlandırılması, sadece genel idare içinde yer alma, laiklik ilkesi doğrultusunda çalışma, siyasi görüş ve düşüncelerin dışında kalma ve milletçe dayanışma ve bütünleşmeyi amaç edinme şartı ile yapılabilir. bu sınırlamalar, başkanlığın özerkliğini ihlal etmemeli ve ölçülülük ilkesine uygun olmalıdır.","Anayasa madde 136'e göre, diyanet i̇şleri başkanlığı'nın kuruluşu ve görevlerinin sınırlandırılması, cumhuriyetin ilhakedilmesinden sonra, cumhuriyetin sınırları içinde bulunan her yerlerde, cumhuriyetin sınırları dışında bulunan her yerde, cumhuriyetin sınırları içinde bulunan her yerin bir kısmında, cumhuriyetin sını",
34,meta-llama/Llama-3.2-3B-Instruct,Anayasanın 143. Maddesi Nedir?,"Anayasanın 143. maddesi, devlet güvenlik mahkemelerine ilişkin hükümleri içerir.","Anayasanın 143. Maddesi, Anayasanın 143. maddesinde, Anayasanın 143. maddesinde, Anayasanın 143. maddesinde, Anayasanın 143. maddesinde, Anayasanın 143. maddesinde, Anayasanın 143. maddesinde, Anayasanın 143. maddesinde, Anayasanın 143. maddesinde, Anayasanın 143. maddesinde,",
35,meta-llama/Llama-3.2-3B-Instruct,Hangi tür bilgiler özel nitelikli kişisel veri olarak kabul edilir?,"Irkı, etnik kökeni, siyasi düşüncesi, felsefi inancı, dini, mezhebi, diğer inançları, kılık ve kıyafeti, dernek, vakıf ya da sendika üyeliği, sağlığı, cinsel hayatı, ceza mahkumiyeti ve güvenlik tedbirleriyle ilgili verileri ile biyometrik ve genetik bilgiler.","Ebeveynlik ve akrabalık ilişkileri, sağlık durumları, mali durumlar, eğitim ve sosyal statü gibi özel nitelikli kişisel veri türleri.",
36,meta-llama/Llama-3.2-3B-Instruct,Tbmm başkanlık divanında kimler bulunur?,"Türkiye büyük millet meclisinin başkanlık divanı, meclis üyeleri arasından seçilen meclis başkanı, başkanvekilleri, katip üyeler ve i̇dare amirlerinden oluşur. (madde 94)","TBMM Başkanlığı Divanında, TBMM Presidenti, TBMM Speaker'i, TBMM Genel Sekreteri ve TBMM Meclis Üyesi, TBMM Meclis Üyesi olarak görev yapmaktadır.",
37,meta-llama/Llama-3.2-3B-Instruct,Kvk kurulu üyeleri hangi durumlarda görevden alınır?,"Seçilmek için gereken şartları taşımadıklarının sonradan anlaşılması, görevleriyle ilgili olarak işledikleri suçlardan dolayı haklarında verilen mahkumiyet kararının kesinleşmesi, görevlerini yerine getiremeyeceklerinin sağlık kurulu raporuyla kesin olarak tespit edilmesi, görevlerine izinsiz, mazeretsiz ve kesintisiz olarak on beş gün ya da bir yılda toplam otuz gün süreyle devam etmediklerinin tespit edilmesi, bir ay içinde izinsiz ve mazeretsiz olarak toplam üç, bir yıl içinde toplam on kurul toplantısına katılmadıklarının tespit edilmesi hallerinde kvk kurulu kararıyla üyelikleri sona erer. (kvkk md.21/f.13)","Kvk kurulu üyeleri, görevden alınır:

- Yeterlilik ve yetenekleri ile görev yapamadıkları durumlarda,
- Yeterlilik ve yetenekleri ile görev yapamadıkları durumlarda,
- Yeterlilik ve yetenekleri ile görev yapamadıkları durumlarda,
- Yeterlilik ve yetenekleri ile görev yapamadıkları durumlarda,
- Yeterlilik ve yetenekleri ile görev yapamadıkları durumlarda,
- Yeter",
38,meta-llama/Llama-3.2-3B-Instruct,"Bir üniversite profesörü, dersinde sağlıklı ve dengeli bir çevrede yaşama hakkının keyfi olarak kısıtlanabileceğini savunmuştur. Bu durum Anayasanın 56. Maddesi ile nasıl çelişir?","Anayasanın 56. Maddesi, herkesin sağlıklı ve dengeli bir çevrede yaşama hakkına sahip olduğunu belirtir. Bu tür bir savunma bu maddeye aykırıdır.","Anayasanın 56. Maddesi, ""Hak ve özgürlüklerin kısıtlanması, yasalar tarafından belirlenir ve her zaman açıkça ve açıkça belirlenmelidir."" Bu maddedeki düzenleme, keyfi kısıtlamalarla ilgili olarak, Anayasanın 56. Maddesi ile çelişir. Bu maddedeki düzenleme, keyfi kısıtlamalarla ilgili olarak, Anayasanın",
39,meta-llama/Llama-3.2-3B-Instruct,"Anayasa madde 73, vergi ödevi yükümlülüğünün ihlali durumunda ne tür hukuki mekanizmalar devreye girer","Anayasa madde 73'e göre, vergi ödevi yükümlülüğünün ihlali durumunda, vatandaşların hukuki yollara başvurarak haklarını arama ve ihlallerin giderilmesini talep etme hakkı vardır. devlet, vergi ödevi yükümlülüğünü korumak ve ihlallerin engellenmesini sağlamakla yükümlüdür.","Anayasa madde 73, vergi ödevi yükümlülüğünün ihlali durumunda, mahkemece dava açılabilir. Mahkeme, vergi ödevi yükümlülüğünün ihlali durumunda, vergi ödemenin yapılmaması ve vergi ödemenin yapılmaması durumunda, vergi ödemenin yapılmaması ve vergi ödemenin yapılmaması durumunda, vergi ödemenin yapılmaması",
40,meta-llama/Llama-3.2-3B-Instruct,Eğitim ve öğrenim hakkının ihlali durumunda başvuru yolları nelerdir,"Eğitim ve öğrenim hakkının ihlali durumunda bireyler ulusal yargı mercilerine başvurabilir, eğitim kurumlarına şikayette bulunabilir ve uluslararası insan hakları mekanizmalarına müracaat edebilir.","Eğitim ve öğrenim hakkının ihlali durumunda, başvuru yolları arasında; Mahkeme, Yargıtay, Yüksek Adalet Mahkemesi ve İcra Dairesi gibi yollar yer alır.",
41,meta-llama/Llama-3.2-3B-Instruct,Arsamızın yol genişletilmesi nedeniyle 50 m²'lik bir kısmı kamulaştırılacak. yeni arsa ölçülerinden dolayı yapacağımız ev daha küçük olacak. kazanılmış hakkımızı kaybeder miyiz?,"Evet, kamulaştırma nedeniyle değer kaybı meydana geliyorsa, bunun tazmini için mahkeme bilirkişiler belirleme yapacaktır. i̇darece önerilen bedeli kabul etmemeli ve bedel tespit davası açmalısınız.","Hayır, kazanılmış hakkınızı kaybedemezsiniz. Kamulaştırılan arsa ölçülerinde ev yapacağınız için size daha küçük bir arsa verilir. Bu da size kazanılmış hakkınızdır.",
42,meta-llama/Llama-3.2-3B-Instruct,Tahrik nedir?,"Tahrik, bir kişinin aklının ve iradesinin bir suç işlemekten ciddi bir şekilde etkilenmesi sonucu, işlediği suçun cezasının hafifletilmesine neden olabilen bir durumdur.","Tahrik, bir kişi veya bir grup kişinin bir başka kişiye veya gruplara karşı bir dava açarak, bu kişilere veya gruplara karşı bir dava açma yetkisini kazandırmak için bir dava açmasıdır.",
43,meta-llama/Llama-3.2-3B-Instruct,"Anayasa madde 68'e göre, siyasi partiler kurma hakkının sınırlandırılması hangi koşullarda yapılabilir","Anayasa madde 68'e göre, siyasi partiler kurma hakkının sınırlandırılması, ancak kanunla ve demokratik toplum düzeninin gereklerine uygun olarak yapılabilir. bu sınırlamalar, bu hakkı ihlal etmemeli ve ölçülülük ilkesine uygun olmalıdır.","Anayasa madde 68'e göre, siyasi partiler kurma hakkının sınırlandırılması, kamuoyu huzursuzluğuna, siyasi partilerin bir araya gelerek bir tek partiye dönüşmesi, siyasi partilerin bir partinin diğer partilere karşı bir dizi yolsuzluk ve haksızlıklara yol açması, siyasi partilerin bir partinin diğer partilere karşı bir dizi yolsuzluk ve haksızlıklara yol açması, siyasi",
44,meta-llama/Llama-3.2-3B-Instruct,Anayasanın 84. Maddesiyle İlgili Tartışmalar Nelerdir?,Milletvekilliğinin düşme sebepleri ve süreçlerinin sınırları ve uygulanması üzerine tartışmalar olabilir.,"Anayasanın 84. Maddesi, Anayasanın 84. Maddesi ile ilgili tartışılmaz. Anayasanın 84. Maddesi, Anayasanın 84. Maddesi ile ilgili tartışılmaz. Anayasanın 84. Maddesi, Anayasanın 84. Maddesi ile ilgili tartışılmaz. Anayasanın 84. Maddesi, Anayasanın 84. Maddesi ile ilgili tart",
45,meta-llama/Llama-3.2-3B-Instruct,Dedemden kalan malın paylaşımı hakkında sorun yaşıyoruz. ne yapmalıyız?,"Miras paylaşımı konusunda zorlanıyorsanız, miras hukukunda uzman bir avukattan profesyonel yardım almanız yararlı olacaktır.","Dedemden kalan malın paylaşımını düzenlemek için, malın varlığı ve pay paylaşımlarının niteliği hakkında bilgi toplayın. Malın varlığı ve pay paylaşımlarını düzenlemek için, malın varlığı ve pay paylaşımlarını düzenlemek için, malın varlığı ve pay paylaşımlarını düzenlemek için, malın varlığı ve pay paylaşımlarını düzenlemek için,",
46,meta-llama/Llama-3.2-3B-Instruct,"Anayasa madde 101, cumhurbaşkanının seçilme koşullarının sınırlandırılmasını nasıl düzenler","Anayasa madde 101, cumhurbaşkanının seçilme koşullarının sınırlandırılmasını, kırk yaşını doldurmuş, yükseköğrenim yapmış, milletvekili seçilme yeterliliğine sahip türkiye cumhuriyeti vatandaşı olma şartı ile düzenler. bu sınırlamalar, cumhurbaşkanının seçilme koşullarını ihlal etmemeli ve ölçülülük ilkesine uygun olmalıdır. bu hüküm, cumhurbaşkanının seçilme koşullarının korunmasını ve sınırlamaların keyfi olmamasını sağlar.","Anayasa madde 101, cumhurbaşkanının seçilme koşullarının sınırlandırılmasını düzenler.",
47,meta-llama/Llama-3.2-3B-Instruct,TBMM'nin Bilgi Edinme ve Denetim Yetkisi Hangi Anayasa Maddesinde Belirtilmiştir?,98. maddede.,94. maddede belirlenmiştir.,
48,meta-llama/Llama-3.2-3B-Instruct,"Tüketici, satın aldığı ayıplı mal için hangi haklara sahiptir?","6502 sayılı Tüketicinin Korunması Hakkında Kanun'a göre, tüketici, satın aldığı ayıplı mal için ücretsiz onarım, malın değiştirilmesi, bedel indirimi veya bedel iadesi talep edebilir. Yargıtay içtihatları, tüketicinin bu haklarını kullanabilmesi için ayıbın varlığını ispatlaması gerektiğini vurgular.","Tüketici, satın aldığı ayıplı mal için tüketici haklarına sahiptir. Bu haklar arasında malın değiştirilme, iade veya bedelsiz devir hakkı yer alır.",
49,meta-llama/Llama-3.2-3B-Instruct,Herhangi bir gerçek veya tüzel kişi aynı zamanda hem veri sorumlusu hem de veri işleyen olabilir mi?,"Veri sorumlusu, kişisel verilerin işleme amaçlarını ve vasıtalarını belirleyen, veri kayıt sisteminin kurulmasından ve yönetilmesinden sorumlu olan gerçek veya tüzel kişidir. bu kişiler, gerçek kişiler olabileceği gibi, kamu kurumları, şirketler, dernekler veya vakıflar gibi tüzel kişiler de olabilecektir.","Hayır, veri sorumlusu ve veri işleyicisi olarak aynı kişi olamaz. Veri sorumlusu, veri işleme faaliyetini gerçekleştiren gerçek veya tüzel kişiye aittir. Veri işleyicisi ise veri işleme faaliyetini gerçekleştiren gerçek veya tüzel kişi olabilir.",
50,meta-llama/Llama-3.2-3B-Instruct,İdarenin bazı görevleri kanunla düzenlenmemiş ve bir bütün olarak ele alınmamıştır. Bu durum Anayasanın 123. Maddesi ile nasıl çelişir?,"Anayasanın 123. Maddesi, idarenin tüm görevlerinin kanunla düzenlenmesini ve bir bütün olarak ele alınmasını öngörür. Bu durum maddeye aykırıdır.","Anayasanın 123. Maddesi, idarenin görev ve yetkileri ile kanunlar arasında çelişki oluşturur. Bu maddedeki düzenleme, idarenin bazı görevleri kanunla düzenlenmemiş ve bir bütün olarak ele alınmamıştır. Bu durum Anayasanın 123. Maddesi ile çelişir.",
51,meta-llama/Llama-3.2-3B-Instruct,İdari yargı nedir?,"Hukuki dinlenilme hakkı, tarafların yargılama sürecinde savunmalarını yapabilme ve delillerini sunabilme hakkıdır.","İdari yargı, idari yollarla ve idari yargı organları tarafından yargılanan ve yargılandığı hukuki durumlardır. İdari yargı, idari yolların ve idari yargı organlarının yetkisi ve yetki sınırları ile belirlenir. İdari yargı, idari yolların ve idari yargı organlarının yetki sınırları",
52,meta-llama/Llama-3.2-3B-Instruct,"Bir belediye başkanı, resmi toplantılarda başka bir dili kullanmayı zorunlu hale getirmiştir. Bu uygulama Anayasanın 3. Maddesi'ne aykırı mıdır?","Evet, Anayasanın 3. Maddesi Türkiye Devleti'nin resmi dilinin Türkçe olduğunu belirtir. Resmi toplantılarda başka bir dil kullanmak bu maddeye aykırıdır.","Hayır, bu uygulama Anayasanın 3. Maddesi'ne aykırı değildir. Anayasanın 3. Maddesi, resmi dili Türk dili olarak belirliyorsa, belediye başkanı, resmi toplantılarda başka bir dil kullanmayı zorunlu hale getirebilir.",
53,meta-llama/Llama-3.2-3B-Instruct,"Bir belediye, yerel yönetimde herkesin yaşama hakkının sınırlandırılabileceğini kararlaştırmıştır. Bu uygulama Anayasanın 17. Maddesi'ne aykırı mıdır?","Evet, Anayasanın 17. Maddesi, herkesin yaşama hakkına sahip olduğunu ve bu hakkın ancak kanunlarla düzenlenebileceğini vurgular. Bu tür bir uygulama Anayasa'ya aykırıdır.","Hayır, bu uygulama Anayasanın 17. Maddesi'ne aykırı değildir. Anayasanın 17. Maddesi, her bir bireyin yaşama hakkının sınırlanmasını yasaklamaktadır. Bu uygulama, yerel yönetimin yetkisi withinin sınırlarını belirlemek için yetkilidir.",
54,meta-llama/Llama-3.2-3B-Instruct,"Anayasa madde 80'e göre, milletvekillerinin türkiye'yi temsil etme yetkisinin sınırlandırılmasında hangi ilkeler gözetilir","Anayasa madde 80'e göre, milletvekillerinin türkiye'yi temsil etme yetkisinin sınırlandırılmasında kanunilik, demokratik toplum düzeninin gereklerine uygunluk ve ölçülülük ilkeleri gözetilir. bu sınırlamalar, milletvekillerinin temsil yetkisini ihlal etmemeli ve bireylerin demokratik temsiliyetini kısıtlamamalıdır.","Anayasa madde 80'e göre, milletvekillerinin türkiye'yi temsil etme yetkisinin sınırlandırılmasında, kamuoyu, kamu görevleri, kamu görevi ile görevli being, kamu görevi ile görevli being, kamu görevi ile görevli being, kamu görevi ile görevli being, kamu görevi ile görevli being, kamu görevi ile görevli being, kamu görevi ile görevli being, kamu görevi ile görevli being, kamu",
55,meta-llama/Llama-3.2-3B-Instruct,Kişinin rızası olmadan kişisel veriler hangi şartlarda işlenebilir?,"Kanunlarda açıkça öngörülmesi, fiili imkansızlık nedeniyle rızasını açıklayamayacak durumda olan kişinin hayatı veya beden bütünlüğünün korunması, bir sözleşmenin kurulması veya ifası için gerekli olması, veri sorumlusunun hukuki yükümlülüğünü yerine getirebilmesi, ilgili kişinin kendisi tarafından alenileştirilmiş olması, bir hakkın tesisi, kullanılması veya korunması için veri işlemenin zorunlu olması, veri sorumlusunun meşru menfaatleri için veri işlemenin zorunlu olması.","Kişi rızası olmadan kişisel veriler, kamu yararına, kamu görevi, kamu interestsine, kamu sağlığı ve kamu güvenliği için işlenebilir.",
56,meta-llama/Llama-3.2-3B-Instruct,Vergi affı sonrasında borçların ödenmemesi durumunda ne olur?,"Vergi affı sonrasında borçların ödenmemesi durumunda, mükellef affın sağladığı avantajları kaybeder ve borç yeniden yapılandırılmadan önceki haline döner.","Vergi affı sonrasında borçların ödenmemesi durumunda, bu borçlar 10 yıl süreyle taksitli olarak ödenmelidir.",
57,meta-llama/Llama-3.2-3B-Instruct,Bir kişi facebook üzerinden tehdit mesajları gönderdiğinde ne tür yasal işlemler yapılmalıdır?,"Facebook üzerinden tehdit mesajları gönderildiğinde, ilgili platforma şikayette bulunmalı ve yetkili makamlara suç duyurusunda bulunarak hukuki işlemleri başlatmalısınız.","Bir kişi facebook üzerinden tehdit mesajları gönderdiğinde, bu durumun Facebook'a bildirmesi ve polonya hukukuna göre tehdit suçunu işlediğini belirten bir dava açması gerekir. Bu durumun Facebook tarafından da incelenmesi ve bu kişiye karşı yasal işlemlerin başlatılması gerekir.",
58,meta-llama/Llama-3.2-3B-Instruct,Mülkiyetin devri nedir?,"Mülkiyetin devri, bir malın mülkiyetinin bir kişiden başka bir kişiye geçmesi işlemidir.","Mülkiyetin devri, bir varlığın mülkiyetini bir başka varışa devretme işlemidir. Bu işlem, mülkiyetin transferi ve mülkiyetin newçenin eline geçmesi anlamına gelir. Mülkiyetin devri, bir contractual agreement ya da bir davanın outcome'u ile gerçekleşebilir. Mülkiyetin devri, mülkiyetin transferi ile sonuçlanır ve mülkiyet newçenin eline",
59,meta-llama/Llama-3.2-3B-Instruct,Uluslararası yatırım hukuku nedir?,"Uluslararası yatırım hukuku, yabancı yatırımların korunması, teşvik edilmesi ve yönetimi ile ilgili kuralları belirleyen hukuk dalıdır. i̇kili yatırım anlaşmaları bu hukukun temelini oluşturur.","Uluslararası yatırım hukuku, uluslararası investment law'un bir alt dalıdır. Bu dal, uluslararası investment hak ve yükümlülüklerini düzenleyen bir hukuki sistemdir. Uluslararası yatırım hukuku, uluslararası investment hak ve yükümlülüklerini düzenleyen bir hukuki sistemdir.",
60,meta-llama/Llama-3.2-3B-Instruct,Tbmm üyeleri hangi tür işlerde çalışamaz ve hangi görevlerde bulunamazlar?,"Tbmm üyeleri, devlet ve diğer kamu tüzel kişilerinde ve bunlara bağlı kuruluşlarda; devletin veya diğer kamu tüzelkişilerinin doğrudan veya dolaylı olarak katıldığı teşebbüs ve ortaklıklarda; özel gelir kaynakları ve özel imkanları kanunla sağlanmış kamu yararına çalışan derneklerin ve devletten yardım sağlayan ve vergi muafiyeti olan vakıfların, kamu kurumu niteliğindeki meslek kuruluşları ile sendikalar ve bunların üst kuruluşlarının ve katıldıkları teşebbüs veya ortaklıkların yönetim ve denetim kurullarında görev alamazlar, vekili olamazlar, herhangi bir taahhüt işini doğrudan veya dolaylı olarak kabul edemezler, temsilcilik ve hakemlik yapamazlar. (madde 82)","TBMM üyeleri, yargı, yargıçlık, yargıçlık, yargıçlık, yargıçlık, yargıçlık, yargıçlık, yargıçlık, yargıçlık, yargıçlık, yargıçlık, yargıçlık, yargıçlık, yargıçlık, yargıçlık, yargıçlık, y",
61,meta-llama/Llama-3.2-3B-Instruct,Hakimler ve savcılar kurulu'nun uluslararası benzerleri nelerdir,"Hakimler ve savcılar kurulu'na benzer kurumlar, birçok ülkede yargı mensuplarının atanması, terfisi ve disiplin işlemlerini yürüten anayasal organlar olarak faaliyet gösterir.","Hakimler ve savcılar kurulu'nun uluslararası benzerleri, Avrupa Birliği'ne bağlı ülkelerin hakimler ve savcılar kuruluşlarıdır. Bu kuruluşlar, hak ve yargı sistemlerini geliştirmek, hak ve yargı sistemlerini uluslararası standardlara uyur hale getirmek ve hak ve yargı sistemlerini geliştirmek için bir araya gelmektedir.",
62,meta-llama/Llama-3.2-3B-Instruct,"Bir belediyedeki mahalli idare, belediye halkının mahalli müşterek ihtiyaçlarını karşılamak üzere kurulmuş ve karar organları seçimle işbaşına gelmemiştir. Bu durum Anayasanın 127. Maddesi'ne uygun mudur?","Hayır, Anayasanın 127. Maddesi, mahalli idarelerin belediye halkının mahalli müşterek ihtiyaçlarını karşılamak üzere kurulmasını ve karar organlarının seçimle işbaşına gelmesini öngörür. Bu durum maddeye aykırıdır.","Hayır, bu durum Anayasanın 127. Maddesi'ne uygun değildir.",
63,meta-llama/Llama-3.2-3B-Instruct,İş yerinde performans düşüklüğü nedeniyle işten çıkarıldım haklarım nelerdir,Performans düşüklüğü nedeniyle işten çıkarıldıysanız i̇ş kanunu kapsamında çeşitli haklarınız bulunmaktadır öncelikle işvereninizin performans değerlendirmelerini ve uyarılarını inceleyin haksız bir işten çıkarma olduğunu düşünüyorsanız işe iade davası açabilirsiniz ayrıca kıdem tazminatı ihbar tazminatı ve diğer işçi alacaklarınızı talep edebilirsiniz,"İşten çıkarılma nedeniyle haklar:
- İşveren tarafından işten çıkarılma nedeniyle mazeretli veya mazeretsiz olarak işten çıkarıldığınız takdirde, işveren tarafından işveren tarafından işveren ile işçi arasında yapılan iş sözleşmesi ile belirlenen ücretin 3 ay kadar olan miktarda mazeretli olarak işten çıkarılma nedeniyle ödenmesi gereken ücreti alabilirsiniz.
- İşveren tarafından işten çıkar",
64,meta-llama/Llama-3.2-3B-Instruct,Anayasanın 34. Maddesi Sizce Neden Önemlidir?,Herkesin önceden izin almaksızın toplantı ve gösteri yürüyüşü düzenleme hakkına sahip olduğunu belirlediği için önemlidir.,"Anayasanın 34. Maddesi, bireylerin ve kamu kuruluşlarının hak ve özgürlüklerini koruma amacını taşıyor. Bu madde, bireylerin ve kamu kuruluşlarının bireylerin ve kamu kuruluşlarının hak ve özgürlüklerini koruma amacını taşıyor. Bu madde, bireylerin ve kamu kuruluşlarının hak ve özgürlüklerini koruma amacını taşıyor",
65,meta-llama/Llama-3.2-3B-Instruct,Nafaka ödemelerinde gecikmeler hakaret etme hakkı verir mi?,"Hayır, nafaka ödemelerindeki gecikmeler hakaret etme hakkını vermez. şikayet edebilirsiniz.",Hayır. Nafaka ödemelerinde gecikmeler hakaretme hakkı vermez. Nafaka ödemelerinde geciklementsiz ve zamanında ödenmesi gereken nafakalar için nafaka davası açılabilir.,
66,meta-llama/Llama-3.2-3B-Instruct,Vatan hizmetinin yerine getirilmesinde vatandaşların sorumlulukları nelerdir,"Vatandaşlar, vatan hizmetini yerine getirmek, ulusal savunma ve güvenlik görevlerine katılmak ve yasalarla belirlenen hizmetleri yerine getirmekle sorumludur. bu, vatandaşlık bilincinin bir parçasıdır.","Vatandaşların vatan hizmetinde sorumlulukları, vatanın korunması, milliyetçilik, ulusal birlik, demokrasi ve hukukun üstünlüğü gibi konularda aktif olarak participation ve participation yapmalarıdır.",
67,meta-llama/Llama-3.2-3B-Instruct,"Müteahhit ile yapılan sözleşmede peşinat verildi, müteahhit cayma halinde 15 gün içinde ödeme yapacağını belirtti ama şimdi ödeme yapmıyor. ne yapmalıyım?",Noter aracılığıyla ihtarname gönderip sözleşmeyi feshedin. peşinatı geri almak için dava açmanız gerekebilir.,Müteahhitin cayma talebi ile ilgili olarak müteahhitin cayma talebi ile ilgili olarak müteahhitin cayma talebi ile ilgili olarak müteahhitin cayma talebi ile ilgili olarak müteahhitin cayma talebi ile ilgili olarak müteahhitin cayma talebi ile ilgili olarak müteahhitin cayma talebi ile ilgili olarak müteahhitin cayma tale,
68,meta-llama/Llama-3.2-3B-Instruct,"Anayasa madde 104'e göre, cumhurbaşkanının görev ve yetkilerinin ihlali hangi durumlarda söz konusu olur","Anayasa madde 104'e göre, cumhurbaşkanının görev ve yetkilerinin ihlali, anayasa'nın uygulanmasını gözetmemesi veya devlet organlarının düzenli ve uyumlu çalışmasını sağlamaması durumunda söz konusu olur. devlet, bu tür ihlalleri önlemek ve cumhurbaşkanının görev ve yetkilerini korumakla yükümlüdür.","Anayasa madde 104'e göre cumhurbaşkanının görev ve yetkilerinin ihlali, cumhurbaşkanın yargılamadan istifa etmesi, yargılamadan görevden alınması, yargılamadan görevden alınması, yargılamadan görevden alınması, yargılamadan görevden alınması, yargılamadan görevden alınması, yargılamadan görevden alınması, yargı",
69,meta-llama/Llama-3.2-3B-Instruct,Okulda çocuğuma yönelik ayrımcılık yapıldığını düşünüyorum ne yapmalıyım,"Anayasa'nın 42. maddesi eğitim hakkını güvence altına alır. çocuğunuza yönelik ayrımcılık yapıldığını düşünüyorsanız, okul yönetimiyle durumu görüşüp çözüm talep edebilir, çözüm bulamazsanız milli eğitim bakanlığı'na şikayette bulunabilirsiniz.","Okulda çocuğuma yönelik ayrımcılık yapıldığını düşünüyorsanız, ilk olarak çocukunuzun durumunu ve ayrımcılığın naturelini belirlemek için çocukunuzla ve okulunuzla iletişime girin. Bu durum, okul managementine veya il/ilçe eğitim müdürlüğüne bildirmek de possible.",
70,meta-llama/Llama-3.2-3B-Instruct,"Anayasa madde 47, devletleştirme ve özelleştirme işlemlerinin korunması için ne tür tedbirler alınacağını düzenler","Anayasa madde 47, devletleştirme ve özelleştirme işlemlerinin korunması için devletin, bu işlemleri anayasal ve kanuni düzenlemelere uygun olarak gerçekleştirmesini düzenler. devlet, devletleştirme ve özelleştirme işlemlerini adil ve hukuka uygun olarak gerçekleştirmek zorundadır.","Anayasa madde 47, devletleştirme ve özelleştirme işlemlerinin korunması için kamu malı ve kamu servetinin korunması için tedbirler alınmasını düzenler.",
71,meta-llama/Llama-3.2-3B-Instruct,Seyahat hürriyeti nedir,"Seyahat hürriyeti, bireylerin türkiye sınırları içinde ve yurt dışında serbestçe dolaşabilme ve seyahat edebilme özgürlüğünü ifade eder. bu hak, bireylerin hareket serbestisini güvence altına alır.","Seyahat hürriyeti, bir bireyin kendi isteği ve istirahatine uygun olarak bir yerden diğerine seyahat edebilmesi ve bu seyahatlerdeki her türlü hak ve özgürlüğü ifade eder.",
72,meta-llama/Llama-3.2-3B-Instruct,"Apartman yönetimi, ödemeleri yapmadığında hangi hukuki adımları atabilir?","Ödemeleri yapmadığında, yönetici kararları uygulamak zorundadır ve ödeme yapılmasını sağlamak için yasal yollara başvurabilir.","Apartman yönetimi, ödemeleri yapmadığında, mahkeme ile dava açabilir. Mahkeme, apartman managementinin ödemeleri yapmaması nedeniyle apartman sahiplerine karşı dava açabilir. Apartman managementi, ödemeleri yapmadığında, apartman sahiplerine karşı dava açabilir ve mahkeme, apartman managementinin ödemeleri yapmaması nedeniyle apartman sahiplerine karşı ceza verabilir.",
73,meta-llama/Llama-3.2-3B-Instruct,"Anayasa madde 63'e göre, tarih, kültür ve tabiat varlıklarının korunması hakkının ihlali hangi durumlarda söz konusu olur","Anayasa madde 63'e göre, tarih, kültür ve tabiat varlıklarının korunması hakkının ihlali, bu varlıkların korunmasının hukuka aykırı olarak sınırlandırılması veya zarar görmesi durumunda söz konusu olur. devlet, bu tür ihlalleri önlemek ve tarih, kültür ve tabiat varlıklarının korunması hakkını korumakla yükümlüdür.","Anayasa madde 63'e göre, tarih, kültür ve tabiat varlıklarının korunması hakkının ihlali, kamu malı, kamu serveti, kamu menfaati, kamu hukukuna aykırı, kamu hukukuna aykırı, kamu hukukuna aykırı, kamu hukukuna aykırı, kamu hukukuna aykırı, kamu hukukuna aykırı, kamu hukukuna",
74,meta-llama/Llama-3.2-3B-Instruct,"Mirasçılar, miras bırakanın borçlarını ödemek zorunda mıdır?","4721 sayılı Türk Medeni Kanunu'na göre, mirasçılar, miras bırakanın borçlarından miras payları oranında sorumludur. Yargıtay içtihatları, mirasçıların borçların ödenmesi konusunda hak ve yükümlülüklerini belirler.","Hayır, mirasçılar miras bırakanın borçlarını ödemek zorunda değildir. Mirasçılar, miras bırakanın borçlarını ödemekle görevli değildir. Miras bırakanın borçlarını ödemekle görevli olan, miras bırakanın borçlarını ödemekle görevli olan vekillerdir.",
75,meta-llama/Llama-3.2-3B-Instruct,"Bir sivil toplum kuruluşu, gençlerin korunma hakkının yasal dayanak olmaksızın kısıtlanması gerektiğini savunmaktadır. Bu durum Anayasanın 58. Maddesi'ne aykırı mıdır?","Evet, Anayasanın 58. Maddesi Türkiye Devleti'nin, devletin gençleri koruma ve geliştirme yükümlülüğüne sahip olduğunu belirtir. Bu tür bir savunma Anayasa'ya aykırıdır.","Hayır, bu durum Anayasanın 58. Maddesi'ne aykırı değildir. Anayasanın 58. Maddesi, ""Hak ve özgürlüklerin kısıtlanması, her bir bireyin ve toplumun hak ve özgürlüklerinin kısıtlanması, her bir bireyin ve toplumun hak ve özgürlüklerinin kısıtlanması, her bir bireyin ve toplumun hak ve özgürlüklerinin",
76,meta-llama/Llama-3.2-3B-Instruct,Toplanma ve karar yeter sayısının belirlenmesindeki anayasal ilkeler nelerdir,"Anayasal ilkeler, tbmm'nin etkin ve demokratik bir şekilde çalışmasını sağlamak amacıyla toplanma ve karar yeter sayılarını belirler. bu ilkeler, yasama sürecinin düzenli işlemesini temin eder.","Toplanma ve karar yeter sayısının belirlenmesinde, her iki gruba da eşit saygı ve saygınlık gösterilmesi, her iki gruba da eşit hak ve özgürlükler verilmesi, her iki gruba da eşit hak ve özgürlükler verilmesi, her iki gruba da eşit hak ve özgürlükler verilmesi, her iki gruba da eşit hak ve özgürlükler verilmesi, her iki gruba da eşit",
77,meta-llama/Llama-3.2-3B-Instruct,Nişanlılığın bozulması nedeniyle hediyeleri geri talep edebilir miyim?,"Evet, türk medeni kanunu'na göre nişanlılık evlilik dışında bir sebeple sona ererse, nişanlılar birbirlerine vermiş oldukları hediyeleri geri talep edebilirler.","Evet, nişanlılığın bozulması nedeniyle hediyeleri geri talep edebilirsiniz. Nişanlıkların bozulmasıyla birlikte hediyelerin hukuki olarak geçersiz olduğu kabul edilir. Bu nedenle, nişanlıkların bozulması nedeniyle hediyeleri geri talep edebilirsiniz.",
78,meta-llama/Llama-3.2-3B-Instruct,Hakimlerin ve Savcıların Bağımsızlığı Hangi Anayasa Maddesinde Belirtilmiştir?,140. maddede.,Anayasa'nın 102. maddesinde belirlenmiştir.,
79,meta-llama/Llama-3.2-3B-Instruct,"Eğer annemin üzerine olan taşınmazlar, yanlış beyanlarla diğer kardeşim tarafından alındıysa ne yapabilirim?","Miras payınızı korumak için tenkis davası açabilirsiniz. bu dava, mirasçıların saklı paylarını aşan tasarrufların iptalini talep etmenizi sağlar.","Yanlış beyanlarla alındığı için taşınmazı annenize iade edebilirsiniz. Bu durum, hukuki olarak bir problem oluşturmaz.",
80,meta-llama/Llama-3.2-3B-Instruct,"Sanık, bir internet platformunda sahte haberler yayımlayarak kamuoyunu yanıltırsa, hangi suçlamalar gündeme gelir?","Sanık, internet platformunda sahte haberler yayımlayarak kamuoyunu yanıltırsa, 'yanıltıcı bilgi yayma', 'kamuoyunu yanıltma' ve 'medya etik kurallarını ihlal' suçlarıyla karşılaşabilir. Bu suçlar, hapis cezası ve/veya para cezası ile sonuçlanabilir ve yayımlanan bilgilerin düzeltilmesi gerekebilir.","Sanık, bir internet platformunda sahte haberler yayımlayarak kamuoyunu yanıltırsa, haksız yere lanetme, lanetleme ve kamuoyunu yanıltma suçları gündeme gelir.",
81,meta-llama/Llama-3.2-3B-Instruct,"Anayasa madde 33, dernek kurma hürriyetinin korunması için hangi güvenceler sağlar","Anayasa madde 33, dernek kurma hürriyetinin korunması için, kişilerin önceden izin almaksızın dernek kurma, derneğe üye olma ve üyelikten ayrılma özgürlüğünün anayasal güvence altında olduğunu belirterek güvenceler sağlar. bu hüküm, örgütlenme ve ifade hürriyetini güvence altına alır. devlet, dernek kurma hürriyetini korumak için gerekli tedbirleri almak zorundadır.","Anayasa madde 33, dernek kurma hürriyetinin korunması için dernek kurma izni, dernek kurma izni almayan dernekler, dernek kurma izni verilmeden dernek kurma, dernek kurma izni verilmeden dernek kurma ve dernek kurma izni verilmeden dernek kurma gibi güvenceleri sağlar.",
82,meta-llama/Llama-3.2-3B-Instruct,Anayasanın değiştirilmesi teklif edilemeyecek hükümleri nelerdir?,"Anayasanın ilk üç maddesi, değiştirilmesi teklif edilemeyecek hükümlerdir.","Anayasanın değiştirilmesi teklif edilemeyecek hükümler, Anayasanın temel yapısı, Anayasanın temel hak ve özgürlükler, Anayasanın temel kuruluş ve görevleri, Anayasanın temel ilkesi ve Anayasanın temel amaçlarıdır.",
83,meta-llama/Llama-3.2-3B-Instruct,Kooperatif Ödemelerimizi Geri Almak İçin Dava Açarak Daha Kolay Alabilir Miyiz?,"Her Ortağın Kooperatiften Çıkma Hakkı Vardır. Çıkış, Ancak Bir Hesap Senesi Sonu İçin ve En Az 6 Ay Önceden Haber Verilerek Yapılır. Haklı ve Önemli Sebeplerin Varlığı Halinde Kooperatiften Çıkabilir ve Ödediklerinizi İsteyebilirsiniz.","Hayır, kooperatif ödemeleri için dava açarak daha kolay alamazsınız. Kooperatifler, membersinin ödemenin yapıldığı tarihten itibaren 30 gün içinde ödemenin geri alınmasını isteyebilir. Bu süre zarfında dava açarak ödemenin geri alınmasını isteyemezsiniz. Kooperatifler, membersinin ödemenin yapıldığı tarihten itibaren 30 gün içinde öd",
84,meta-llama/Llama-3.2-3B-Instruct,İş sözleşmesinde belirtilen şartlar değiştirilebilir mi?,"İş sözleşmesinde belirtilen şartlar, işveren ve işçinin karşılıklı anlaşmasıyla değiştirilebilir. ancak, işçinin rızası olmadan yapılan değişiklikler geçersizdir.","Hayır, iş sözleşmesinde belirtilen şartlar değiştirilemez. İş sözleşmesi, işveren ve işçi arasında yapılan bir antlaşma olarak kabul edilir. Bu antlaşma, işveren ve işçi arasında yapılan bir anlaşma olarak kabul edilir. İş sözleşmesinde belirtilen şartlar değiştirilemez. İşveren ve işçi arasında yapılan antlaşma, iş sözleşmesi olarak kabul edilir. Bu antlaşma, işveren ve işçi arasında yapılan bir anlaşma",
85,meta-llama/Llama-3.2-3B-Instruct,Eşimle Aramızda Fiziksel Şiddet Olayı Oldu. Eşim Bana Tazminat Davası Açtı ve Ben de Boşanma Davası Açtım. Ne Olur?,"Her Ne Sebeple Olursa Olsun Eşe Uygulanan Fiziksel Şiddet, Boşanmada Erkeğin Kusurlu Sayılması İçin Yeterlidir. Eşinizin Sizi Tahrik Etmesi, Üstünüze Çok Gelmesi İse Sadece Tazminatta İndirime Yol Açar. Olayın Ayrıntıları Durumu Değiştirebilir. Ancak Bu Kısa Açıklamanıza Göre Sizin Boşanma Davanızın Red, Eşinizin Tazminat Davasının Kabul ile Sonuçlanması Yüksek İhtimaldir. Sonuç Olarak İşin Uzmanı Bir Avukattan Hukuki Yardım Almanızı Şiddetle Tavsiye Ederiz.","Eşimle aramızda fiziksel şiddet olayı occurred. Eşim bana tazminat davası açtı ve ben de boşanma davası açtım. Bu durumda, eşimin tazminat davası açması ve ben de boşanma davası açması, iki farklı dava türüdür. Tazminat davası, eşimin fiziksel şiddet olayı nedeniyle bana gâyledikleri zararı tazminet etmek için açılan bir davad",
86,meta-llama/Llama-3.2-3B-Instruct,Anayasanın 12. Maddesi Hangi Konuyu Ele Alır?,Temel hak ve hürriyetleri ele alır.,"Anayasanın 12. Maddesi, Anayasanın Yürütme, Yargı ve Yürütme Yönetimi ile Yürütme Yönetiminin Yürütme Yönetimi ile Yargı Yönetimi arasında olan ilişkileri düzenler.",
87,meta-llama/Llama-3.2-3B-Instruct,"Bir siyasi parti, basın araçlarının belirli durumlarda devlet tarafından keyfi olarak el konulabileceğini savunmaktadır. Bu durum Anayasanın 30. Maddesi'ne aykırı mıdır?","Evet, Anayasanın 30. Maddesi, basın araçlarının suç aleti olduğu gerekçesiyle zapt ve müsadere edilemeyeceğini belirtir. Bu tür bir savunma bu maddeye aykırıdır.","Hayır, bu durum Anayasanın 30. Maddesi'ne aykırı değildir. Anayasanın 30. Maddesi, ""Hukuk ve yargılamada özgürlükler, kamuoyu ve basın özgürlüğü ile devletin kamuoyu ve basın özgürlüğüne karşı protectionun ve korunmasının sağlanması"" maddesidir. Bu madde, basın özgürlüğünü korurken, kamuoyu ve basın",
88,meta-llama/Llama-3.2-3B-Instruct,"Bir üniversite profesörü, dersinde basın araçlarının keyfi olarak el konulabileceğini savunmuştur. Bu durum Anayasanın 30. Maddesi ile nasıl çelişir?","Anayasanın 30. Maddesi, basın araçlarının suç aleti olduğu gerekçesiyle zapt ve müsadere edilemeyeceğini belirtir. Bu tür bir savunma bu maddeye aykırıdır.","Anayasanın 30. Maddesi, basın araçlarının keyfi olarak el konulamamasını düzenler. Bu nedenle, bir üniversite profesörü, basın araçlarının keyfi olarak el konulabileceğini savunduğu durum Anayasanın 30. Maddesi ile çelişir.",
89,meta-llama/Llama-3.2-3B-Instruct,"Miras paylaşımında adaletsizlik yaşandıysa, hangi adımları atmalıyım?","Miras paylaşımında adaletsizlik yaşandıysa, bir avukata başvurarak dava açabilir ve paylaşımın düzeltilmesini talep edebilirsiniz.","Miras paylaşımında adaletsizlik yaşandıysa, ilk olarak mirasçıların between them anlaşmaya çalışın. Bu anlaşma, mirasın paylaşımında adaletsizlikten kaçınmak için önemlidir. Eğer anlaşmaya gelinemiyorsanız, mirasın paylaşımını yargıya bırakın. Yargı, mirasın paylaşımını dengeli ve adil bir şekilde yapacaktır.",
90,meta-llama/Llama-3.2-3B-Instruct,Hukukta 'tortfeasor' nedir?,"Tortfeasor, hukuka aykırı bir eylemde bulunan veya başkalarına zarar veren kişiyi ifade eder. bu terim, genellikle tazminat davalarında sorumlu taraf olarak kullanılır.","Hukukta 'tortfeasor' (tortun haksızca yapması) bir kişi ya da kuruluştur. Bu kişi ya da kuruluş, bir haksızlık yapması ve bu haksızlığı bir başka kişiye veya kuruluşa gâymesi durumunda, bu kişi ya da kuruluş, haksızlık yapıcı (tortfeasor) olarak kabul edilir.",
91,meta-llama/Llama-3.2-3B-Instruct,Toplu iş sözleşmesi yapma hakkı neyi kapsar?,"İşçiler ve işverenler, karşılıklı olarak ekonomik ve sosyal durumlarını ve çalışma şartlarını düzenlemek amacıyla toplu iş sözleşmesi yapma hakkına sahiptirler. (madde 53)","Toplu iş sözleşmesi yapma hakkı, işverenlerin ve sendikaların işçi ve işverenlerin arasında iş sözleşmelerini oluşturmak için bir platform sunar. Bu platform, işverenlerin ve sendikelerin işçi ve işverenlerin arasında bir platform sunar ve bu platformda işverenlerin ve sendikelerin işçi ve işverenlerin arasında iş sözleşmelerini oluşturmak için bir platform sunar. Bu platform",
92,meta-llama/Llama-3.2-3B-Instruct,"Bir grup siyasetçi, tarım arazilerinin herhangi bir yasal dayanak olmadan kısıtlanabileceğini savunmaktadır. Bu durum Anayasanın 45. Maddesi'ne aykırı mıdır?","Evet, Anayasanın 45. Maddesi Türkiye Devleti'nin, tarım arazilerinin amaçlarına uygun şekilde kullanılmasını sağlamak için gerekli tedbirleri alacağını belirtir. Bu tür bir savunma Anayasa'ya aykırıdır.","Hayır, bu durum Anayasanın 45. Maddesi'ne aykırı değildir. Anayasanın 45. Maddesi, ""Hukukta ve yargı sisteminde adaletin ve hukukun egemenliği, her türlü kısıtlamadan ve her türlü favorizmeden arınmış olmalıdır."" ifadesini içerir. Bu maddedeki kısıtlamalar, kamu menfaatine ve kamu hukukuna",
93,meta-llama/Llama-3.2-3B-Instruct,Anayasanın 84. Maddesi Hangi Tarihte Yürürlüğe Girmiştir?,7 Kasım 1982'de yürürlüğe girmiştir.,"1982
Cevap: 1983
Cevap: 1984
Cevap: 1985
Cevap: 1986
Cevap: 1987
Cevap: 1988
Cevap: 1989
Cevap: 1990
Cevap: 1991
Cevap: 1992
Cevap: 1993
Cevap: 1994",
94,meta-llama/Llama-3.2-3B-Instruct,Türkiye cumhuriyeti'nin devlet şekli nedir,"Türkiye cumhuriyeti'nin devlet şekli cumhuriyettir. bu, devletin halkın egemenliği altında olduğunu ve yöneticilerin seçimle iş başına geldiğini ifade eder.",Türkiye cumhuriyetidir.,
95,meta-llama/Llama-3.2-3B-Instruct,Sanayi malları için satış sonrası hizmetler nasıl olmalıdır?,"Sanayi mallarının kullanım ömrü boyunca, bakım ve onarım hizmetleri sunmak için yeterli teknik personel ve yedek parça bulundurulmalıdır.","Sanayii mallar için satış sonrası hizmetler, malın satılma tarihinden itibaren en az 1 yıl süreyle malın kullanımını kolaylaştırmak, malın değerini artırmak, malın kullanımını daha verimli hale getirmek ve malın kullanımını daha kolay hale getirmek için yapılan hizmetlerdir.",
96,meta-llama/Llama-3.2-3B-Instruct,"Bir grup vatandaş, aile birliğinin korunmasının devlet tarafından keyfi olarak kısıtlanabileceğini savunmaktadır. Bu durum Anayasanın 41. Maddesi ile nasıl çelişir?","Anayasanın 41. Maddesi, ailenin Türk toplumunun temeli olduğunu ve devletin, ailenin huzur ve refahını sağlamak için gerekli tedbirleri alacağını belirtir. Bu tür bir savunma bu maddeye aykırıdır.","Anayasanın 41. Maddesi, aile birliğinin korunmasını ve aile birliği içinde kalma hakını güvence altına almıştır. Bu maddedeki hak, devletin keyfi olarak bu hakları kısıtlayabileceği anlamına gelmez. Devlet, aile birliğini koruma yetkisi vardır, ancak bu yetki, Anayasanın 41. Maddesi'ne uygun olarak ve aile birliğinin temel hakları ile uyumlu olarak kullanılmalıdır. Bu",
97,meta-llama/Llama-3.2-3B-Instruct,Sıkıyönetim Cumhurbaşkanının başkanlığında toplanan Bakanlar Kurulu kararı ile ilan edilmiştir. Bu durum Anayasanın 122. Maddesi'ne uygun mudur?,"Evet, Anayasanın 122. Maddesi, sıkıyönetimin Cumhurbaşkanının başkanlığında toplanan Bakanlar Kurulu kararı ile ilan edilebileceğini belirtir. Bu durum maddeye uygundur.","Hayır, bu durum Anayasanın 122. Maddesi'ne uygun değildir.",
98,meta-llama/Llama-3.2-3B-Instruct,Kira artışı nasıl yapılır?,"Kira artışı, kira sözleşmesinde belirtilen oranlarda ve yasal sınırlamalar çerçevesinde yapılır. genellikle yıllık olarak uygulanır.","Kira artışı, kira sözleşmesinin imzalandığı tarihten itibaren 3 ay içinde yapılır. Kira artışı, kira sözleşmesinin imzalandığı tarihten itibaren 3 ay içinde yapılır.",
99,meta-llama/Llama-3.2-3B-Instruct,Kamu denetçiliği kurumu'nun kararları bağlayıcı mıdır,"Kamu denetçiliği kurumu'nun kararları bağlayıcı değildir, ancak kamu idareleri için tavsiye niteliği taşır. i̇dareler, kurumun önerilerini dikkate alarak sorunların çözümüne yönelik adımlar atabilirler.","Hayır, kamu denetçiliği kurumu'nun kararları bağlayıcı değildir. Bu kararlar denetçinin raporu ve önerileri temel alınarak alınır. Bu kararlar kamu kuruluşları tarafından kabul edilebilir ve uygulanabilir.",
